Dataset,Model,Framework,Role,Strict Match (%),Relaxed Match (%),Semantic Similarity,N Samples
EDOS,amazon/nova-micro-v1,Cognitive Load Theory,EXPERT,33.19,33.19,0.5835,1600
EDOS,amazon/nova-micro-v1,Cognitive Load Theory,FDM,40.00,40.00,0.6358,320
EDOS,amazon/nova-micro-v1,Cognitive Load Theory,MV,38.12,38.12,0.6103,320
EDOS,amazon/nova-micro-v1,Dual-Process Theory,EXPERT,35.69,35.69,0.6090,1600
EDOS,amazon/nova-micro-v1,Dual-Process Theory,FDM,41.56,41.56,0.6515,320
EDOS,amazon/nova-micro-v1,Dual-Process Theory,MV,40.62,40.62,0.6434,320
EDOS,amazon/nova-micro-v1,Flow Theory,EXPERT,34.00,34.00,0.5923,1600
EDOS,amazon/nova-micro-v1,Flow Theory,FDM,40.31,40.31,0.6387,320
EDOS,amazon/nova-micro-v1,Flow Theory,MV,40.31,40.31,0.6351,320
EDOS,amazon/nova-micro-v1,Freudian Psychoanalysis,EXPERT,34.74,34.74,0.6034,1920
EDOS,amazon/nova-micro-v1,Freudian Psychoanalysis,FDM,37.81,37.81,0.6304,320
EDOS,amazon/nova-micro-v1,Freudian Psychoanalysis,MV,38.12,38.12,0.6301,320
EDOS,amazon/nova-micro-v1,User Design Persona,EXPERT,33.63,33.63,0.5922,2560
EDOS,amazon/nova-micro-v1,User Design Persona,FDM,40.94,40.94,0.6424,320
EDOS,amazon/nova-micro-v1,User Design Persona,MV,38.75,38.75,0.6267,320
EDOS,amazon/nova-micro-v1,User-Centered Design,EXPERT,36.06,36.06,0.6071,1600
EDOS,amazon/nova-micro-v1,User-Centered Design,FDM,40.62,40.62,0.6335,320
EDOS,amazon/nova-micro-v1,User-Centered Design,MV,39.06,39.06,0.6260,320
EDOS,amazon/nova-micro-v1,baseline,BASELINE,36.25,36.25,0.6224,320
EDOS,amazon/nova-micro-v1,no-description,EXPERT,37.62,37.62,0.6268,1600
EDOS,amazon/nova-micro-v1,no-description,FDM,42.19,42.19,0.6589,320
EDOS,amazon/nova-micro-v1,no-description,MV,42.19,42.19,0.6568,320
EDOS,amazon/nova-micro-v1,no-personality,EXPERT,34.94,34.94,0.5962,1600
EDOS,amazon/nova-micro-v1,no-personality,FDM,39.06,39.06,0.6282,320
EDOS,amazon/nova-micro-v1,no-personality,MV,38.44,38.44,0.6178,320
EDOS,google/gemma-3-12b-it,Cognitive Load Theory,EXPERT,38.37,38.37,0.6096,6080
EDOS,google/gemma-3-12b-it,Cognitive Load Theory,FDM,45.31,45.31,0.6522,320
EDOS,google/gemma-3-12b-it,Cognitive Load Theory,MV,43.44,43.44,0.6374,320
EDOS,google/gemma-3-12b-it,Dual-Process Theory,EXPERT,39.34,39.34,0.6192,6080
EDOS,google/gemma-3-12b-it,Dual-Process Theory,FDM,47.81,47.81,0.6772,320
EDOS,google/gemma-3-12b-it,Dual-Process Theory,MV,44.38,44.38,0.6552,320
EDOS,google/gemma-3-12b-it,Flow Theory,EXPERT,37.52,37.52,0.6077,4800
EDOS,google/gemma-3-12b-it,Flow Theory,FDM,41.56,41.56,0.6345,320
EDOS,google/gemma-3-12b-it,Flow Theory,MV,45.00,45.00,0.6577,320
EDOS,google/gemma-3-12b-it,Freudian Psychoanalysis,EXPERT,26.75,26.75,0.5209,3200
EDOS,google/gemma-3-12b-it,Freudian Psychoanalysis,FDM,32.50,32.50,0.5555,320
EDOS,google/gemma-3-12b-it,Freudian Psychoanalysis,MV,32.19,32.19,0.5523,320
EDOS,google/gemma-3-12b-it,User Design Persona,EXPERT,38.02,38.02,0.6054,3840
EDOS,google/gemma-3-12b-it,User Design Persona,FDM,41.56,41.56,0.6316,320
EDOS,google/gemma-3-12b-it,User Design Persona,MV,44.06,44.06,0.6436,320
EDOS,google/gemma-3-12b-it,User-Centered Design,EXPERT,39.83,39.83,0.6203,2880
EDOS,google/gemma-3-12b-it,User-Centered Design,FDM,45.00,45.00,0.6584,320
EDOS,google/gemma-3-12b-it,User-Centered Design,MV,43.75,43.75,0.6480,320
EDOS,google/gemma-3-12b-it,baseline,BASELINE,44.38,44.38,0.6606,320
EDOS,google/gemma-3-12b-it,no-description,EXPERT,44.69,44.69,0.6547,4800
EDOS,google/gemma-3-12b-it,no-description,FDM,49.06,49.06,0.6801,320
EDOS,google/gemma-3-12b-it,no-description,MV,48.75,48.75,0.6818,320
EDOS,google/gemma-3-12b-it,no-personality,EXPERT,38.39,38.39,0.6070,3840
EDOS,google/gemma-3-12b-it,no-personality,FDM,44.06,44.06,0.6476,320
EDOS,google/gemma-3-12b-it,no-personality,MV,43.44,43.44,0.6350,320
EDOS,google/gemma-3-27b-it,Cognitive Load Theory,EXPERT,37.97,38.03,0.6129,3200
EDOS,google/gemma-3-27b-it,Cognitive Load Theory,FDM,43.75,43.75,0.6553,320
EDOS,google/gemma-3-27b-it,Cognitive Load Theory,MV,41.56,41.56,0.6420,320
EDOS,google/gemma-3-27b-it,Dual-Process Theory,EXPERT,37.25,37.25,0.6100,4800
EDOS,google/gemma-3-27b-it,Dual-Process Theory,FDM,40.94,40.94,0.6376,320
EDOS,google/gemma-3-27b-it,Dual-Process Theory,MV,41.88,41.88,0.6427,320
EDOS,google/gemma-3-27b-it,Flow Theory,EXPERT,36.71,36.73,0.6075,4800
EDOS,google/gemma-3-27b-it,Flow Theory,FDM,40.31,40.31,0.6340,320
EDOS,google/gemma-3-27b-it,Flow Theory,MV,41.56,41.56,0.6437,320
EDOS,google/gemma-3-27b-it,Freudian Psychoanalysis,EXPERT,29.76,29.77,0.5609,5760
EDOS,google/gemma-3-27b-it,Freudian Psychoanalysis,FDM,31.87,31.87,0.5800,320
EDOS,google/gemma-3-27b-it,Freudian Psychoanalysis,MV,33.12,33.12,0.5888,320
EDOS,google/gemma-3-27b-it,User Design Persona,EXPERT,36.58,36.58,0.6085,4480
EDOS,google/gemma-3-27b-it,User Design Persona,FDM,39.38,39.38,0.6259,320
EDOS,google/gemma-3-27b-it,User Design Persona,MV,40.62,40.62,0.6373,320
EDOS,google/gemma-3-27b-it,User-Centered Design,EXPERT,39.57,39.57,0.6274,6080
EDOS,google/gemma-3-27b-it,User-Centered Design,FDM,42.19,42.19,0.6508,320
EDOS,google/gemma-3-27b-it,User-Centered Design,MV,43.12,43.12,0.6532,320
EDOS,google/gemma-3-27b-it,baseline,BASELINE,41.88,41.88,0.6454,320
EDOS,google/gemma-3-27b-it,no-description,EXPERT,43.09,43.09,0.6545,3200
EDOS,google/gemma-3-27b-it,no-description,FDM,46.88,46.88,0.6814,320
EDOS,google/gemma-3-27b-it,no-description,MV,45.31,45.31,0.6695,320
EDOS,google/gemma-3-27b-it,no-personality,EXPERT,39.56,39.56,0.6289,4800
EDOS,google/gemma-3-27b-it,no-personality,FDM,43.12,43.12,0.6540,320
EDOS,google/gemma-3-27b-it,no-personality,MV,43.12,43.12,0.6548,320
EDOS,meta-llama/llama-3.3-70b-instruct,Cognitive Load Theory,EXPERT,45.08,45.08,0.6718,2560
EDOS,meta-llama/llama-3.3-70b-instruct,Cognitive Load Theory,FDM,47.19,47.19,0.6815,320
EDOS,meta-llama/llama-3.3-70b-instruct,Cognitive Load Theory,MV,45.94,45.94,0.6743,320
EDOS,meta-llama/llama-3.3-70b-instruct,Dual-Process Theory,EXPERT,44.45,44.45,0.6687,2560
EDOS,meta-llama/llama-3.3-70b-instruct,Dual-Process Theory,FDM,46.56,46.56,0.6824,320
EDOS,meta-llama/llama-3.3-70b-instruct,Dual-Process Theory,MV,45.94,45.94,0.6773,320
EDOS,meta-llama/llama-3.3-70b-instruct,Flow Theory,EXPERT,44.73,44.73,0.6725,2560
EDOS,meta-llama/llama-3.3-70b-instruct,Flow Theory,FDM,46.56,46.56,0.6846,320
EDOS,meta-llama/llama-3.3-70b-instruct,Flow Theory,MV,46.56,46.56,0.6815,320
EDOS,meta-llama/llama-3.3-70b-instruct,Freudian Psychoanalysis,EXPERT,45.20,45.23,0.6721,2560
EDOS,meta-llama/llama-3.3-70b-instruct,Freudian Psychoanalysis,FDM,46.25,46.25,0.6765,320
EDOS,meta-llama/llama-3.3-70b-instruct,Freudian Psychoanalysis,MV,45.31,45.31,0.6702,320
EDOS,meta-llama/llama-3.3-70b-instruct,User Design Persona,EXPERT,44.38,44.38,0.6692,2880
EDOS,meta-llama/llama-3.3-70b-instruct,User Design Persona,FDM,45.62,45.62,0.6796,320
EDOS,meta-llama/llama-3.3-70b-instruct,User Design Persona,MV,44.69,44.69,0.6720,320
EDOS,meta-llama/llama-3.3-70b-instruct,User-Centered Design,EXPERT,44.24,44.24,0.6675,2880
EDOS,meta-llama/llama-3.3-70b-instruct,User-Centered Design,FDM,47.19,47.19,0.6883,320
EDOS,meta-llama/llama-3.3-70b-instruct,User-Centered Design,MV,45.62,45.62,0.6778,320
EDOS,meta-llama/llama-3.3-70b-instruct,baseline,BASELINE,44.69,44.69,0.6570,320
EDOS,meta-llama/llama-3.3-70b-instruct,no-description,EXPERT,45.74,45.74,0.6721,2560
EDOS,meta-llama/llama-3.3-70b-instruct,no-description,FDM,48.12,48.12,0.6885,320
EDOS,meta-llama/llama-3.3-70b-instruct,no-description,MV,47.81,47.81,0.6846,320
EDOS,meta-llama/llama-3.3-70b-instruct,no-personality,EXPERT,44.53,44.53,0.6674,3200
EDOS,meta-llama/llama-3.3-70b-instruct,no-personality,FDM,47.19,47.19,0.6832,320
EDOS,meta-llama/llama-3.3-70b-instruct,no-personality,MV,46.56,46.56,0.6796,320
EDOS,meta-llama/llama-4-scout,Cognitive Load Theory,EXPERT,41.74,41.74,0.6430,2240
EDOS,meta-llama/llama-4-scout,Cognitive Load Theory,FDM,42.81,42.81,0.6540,320
EDOS,meta-llama/llama-4-scout,Cognitive Load Theory,MV,43.12,43.12,0.6498,320
EDOS,meta-llama/llama-4-scout,Dual-Process Theory,EXPERT,43.57,43.57,0.6538,2240
EDOS,meta-llama/llama-4-scout,Dual-Process Theory,FDM,46.88,46.88,0.6732,320
EDOS,meta-llama/llama-4-scout,Dual-Process Theory,MV,47.19,47.19,0.6768,320
EDOS,meta-llama/llama-4-scout,Flow Theory,EXPERT,43.52,43.52,0.6535,2560
EDOS,meta-llama/llama-4-scout,Flow Theory,FDM,47.19,47.19,0.6797,320
EDOS,meta-llama/llama-4-scout,Flow Theory,MV,44.38,44.38,0.6625,320
EDOS,meta-llama/llama-4-scout,Freudian Psychoanalysis,EXPERT,42.59,42.59,0.6463,2240
EDOS,meta-llama/llama-4-scout,Freudian Psychoanalysis,FDM,45.62,45.62,0.6672,320
EDOS,meta-llama/llama-4-scout,Freudian Psychoanalysis,MV,43.44,43.44,0.6546,320
EDOS,meta-llama/llama-4-scout,User Design Persona,EXPERT,42.29,42.29,0.6469,960
EDOS,meta-llama/llama-4-scout,User Design Persona,FDM,44.69,44.69,0.6631,320
EDOS,meta-llama/llama-4-scout,User Design Persona,MV,43.12,43.12,0.6534,320
EDOS,meta-llama/llama-4-scout,User-Centered Design,EXPERT,42.77,42.77,0.6454,2240
EDOS,meta-llama/llama-4-scout,User-Centered Design,FDM,46.56,46.56,0.6666,320
EDOS,meta-llama/llama-4-scout,User-Centered Design,MV,44.06,44.06,0.6554,320
EDOS,meta-llama/llama-4-scout,baseline,BASELINE,32.50,38.12,0.5873,320
EDOS,meta-llama/llama-4-scout,no-description,EXPERT,41.21,41.21,0.6380,2240
EDOS,meta-llama/llama-4-scout,no-description,FDM,44.06,44.06,0.6567,320
EDOS,meta-llama/llama-4-scout,no-description,MV,44.06,44.06,0.6553,320
EDOS,meta-llama/llama-4-scout,no-personality,EXPERT,43.40,43.44,0.6527,2560
EDOS,meta-llama/llama-4-scout,no-personality,FDM,46.25,46.25,0.6745,320
EDOS,meta-llama/llama-4-scout,no-personality,MV,44.38,44.38,0.6605,320
IEMPATHIZE,amazon/nova-micro-v1,Cognitive Load Theory,EXPERT,58.83,58.83,0.6867,600
IEMPATHIZE,amazon/nova-micro-v1,Cognitive Load Theory,FDM,60.00,60.00,0.6929,120
IEMPATHIZE,amazon/nova-micro-v1,Cognitive Load Theory,MV,59.17,59.17,0.6813,120
IEMPATHIZE,amazon/nova-micro-v1,Dual-Process Theory,EXPERT,59.50,59.50,0.7020,600
IEMPATHIZE,amazon/nova-micro-v1,Dual-Process Theory,FDM,60.83,60.83,0.7078,120
IEMPATHIZE,amazon/nova-micro-v1,Dual-Process Theory,MV,60.00,60.00,0.6956,120
IEMPATHIZE,amazon/nova-micro-v1,Flow Theory,EXPERT,55.42,55.42,0.6520,480
IEMPATHIZE,amazon/nova-micro-v1,Flow Theory,FDM,62.50,62.50,0.6991,120
IEMPATHIZE,amazon/nova-micro-v1,Flow Theory,MV,60.83,60.83,0.6906,120
IEMPATHIZE,amazon/nova-micro-v1,Freudian Psychoanalysis,EXPERT,62.50,62.50,0.7077,600
IEMPATHIZE,amazon/nova-micro-v1,Freudian Psychoanalysis,FDM,65.83,65.83,0.7537,120
IEMPATHIZE,amazon/nova-micro-v1,Freudian Psychoanalysis,MV,64.17,64.17,0.7077,120
IEMPATHIZE,amazon/nova-micro-v1,User Design Persona,EXPERT,61.17,61.17,0.7007,600
IEMPATHIZE,amazon/nova-micro-v1,User Design Persona,FDM,64.17,64.17,0.7187,120
IEMPATHIZE,amazon/nova-micro-v1,User Design Persona,MV,65.00,65.00,0.7206,120
IEMPATHIZE,amazon/nova-micro-v1,User-Centered Design,EXPERT,60.28,60.28,0.7051,360
IEMPATHIZE,amazon/nova-micro-v1,User-Centered Design,FDM,65.00,65.00,0.7365,120
IEMPATHIZE,amazon/nova-micro-v1,User-Centered Design,MV,64.17,64.17,0.7292,120
IEMPATHIZE,amazon/nova-micro-v1,baseline,BASELINE,43.33,43.33,0.6374,120
IEMPATHIZE,amazon/nova-micro-v1,no-description,EXPERT,64.00,64.00,0.7331,600
IEMPATHIZE,amazon/nova-micro-v1,no-description,FDM,66.67,66.67,0.7604,120
IEMPATHIZE,amazon/nova-micro-v1,no-description,MV,67.50,67.50,0.7525,120
IEMPATHIZE,amazon/nova-micro-v1,no-personality,EXPERT,60.56,60.56,0.6896,360
IEMPATHIZE,amazon/nova-micro-v1,no-personality,FDM,60.83,60.83,0.6932,120
IEMPATHIZE,amazon/nova-micro-v1,no-personality,MV,58.33,58.33,0.6711,120
IEMPATHIZE,google/gemma-3-12b-it,Cognitive Load Theory,EXPERT,63.96,63.96,0.7457,480
IEMPATHIZE,google/gemma-3-12b-it,Cognitive Load Theory,FDM,66.67,66.67,0.7695,120
IEMPATHIZE,google/gemma-3-12b-it,Cognitive Load Theory,MV,65.83,65.83,0.7586,120
IEMPATHIZE,google/gemma-3-12b-it,Dual-Process Theory,EXPERT,62.81,62.81,0.7508,960
IEMPATHIZE,google/gemma-3-12b-it,Dual-Process Theory,FDM,68.33,68.33,0.7794,120
IEMPATHIZE,google/gemma-3-12b-it,Dual-Process Theory,MV,64.17,64.17,0.7555,120
IEMPATHIZE,google/gemma-3-12b-it,Flow Theory,EXPERT,62.58,62.58,0.7358,1200
IEMPATHIZE,google/gemma-3-12b-it,Flow Theory,FDM,61.67,61.67,0.7230,120
IEMPATHIZE,google/gemma-3-12b-it,Flow Theory,MV,63.33,63.33,0.7420,120
IEMPATHIZE,google/gemma-3-12b-it,Freudian Psychoanalysis,EXPERT,60.54,60.54,0.7105,1680
IEMPATHIZE,google/gemma-3-12b-it,Freudian Psychoanalysis,FDM,60.83,60.83,0.6961,120
IEMPATHIZE,google/gemma-3-12b-it,Freudian Psychoanalysis,MV,59.17,59.17,0.6875,120
IEMPATHIZE,google/gemma-3-12b-it,User Design Persona,EXPERT,65.93,65.93,0.7591,1080
IEMPATHIZE,google/gemma-3-12b-it,User Design Persona,FDM,64.17,64.17,0.7451,120
IEMPATHIZE,google/gemma-3-12b-it,User Design Persona,MV,65.83,65.83,0.7586,120
IEMPATHIZE,google/gemma-3-12b-it,User-Centered Design,EXPERT,62.50,62.50,0.7394,600
IEMPATHIZE,google/gemma-3-12b-it,User-Centered Design,FDM,63.33,63.33,0.7384,120
IEMPATHIZE,google/gemma-3-12b-it,User-Centered Design,MV,63.33,63.33,0.7377,120
IEMPATHIZE,google/gemma-3-12b-it,baseline,BASELINE,65.83,65.83,0.7293,120
IEMPATHIZE,google/gemma-3-12b-it,no-description,EXPERT,65.42,65.42,0.7554,1200
IEMPATHIZE,google/gemma-3-12b-it,no-description,FDM,65.83,65.83,0.7654,120
IEMPATHIZE,google/gemma-3-12b-it,no-description,MV,66.67,66.67,0.7659,120
IEMPATHIZE,google/gemma-3-12b-it,no-personality,EXPERT,64.72,64.72,0.7489,360
IEMPATHIZE,google/gemma-3-12b-it,no-personality,FDM,65.83,65.83,0.7550,120
IEMPATHIZE,google/gemma-3-12b-it,no-personality,MV,65.83,65.83,0.7599,120
IEMPATHIZE,google/gemma-3-27b-it,Cognitive Load Theory,EXPERT,62.60,62.60,0.7105,960
IEMPATHIZE,google/gemma-3-27b-it,Cognitive Load Theory,FDM,65.83,65.83,0.7390,120
IEMPATHIZE,google/gemma-3-27b-it,Cognitive Load Theory,MV,63.33,63.33,0.7182,120
IEMPATHIZE,google/gemma-3-27b-it,Dual-Process Theory,EXPERT,62.50,62.50,0.7104,1200
IEMPATHIZE,google/gemma-3-27b-it,Dual-Process Theory,FDM,60.00,60.00,0.6852,120
IEMPATHIZE,google/gemma-3-27b-it,Dual-Process Theory,MV,61.67,61.67,0.7041,120
IEMPATHIZE,google/gemma-3-27b-it,Flow Theory,EXPERT,65.07,65.07,0.7361,1440
IEMPATHIZE,google/gemma-3-27b-it,Flow Theory,FDM,65.83,65.83,0.7439,120
IEMPATHIZE,google/gemma-3-27b-it,Flow Theory,MV,65.83,65.83,0.7384,120
IEMPATHIZE,google/gemma-3-27b-it,Freudian Psychoanalysis,EXPERT,63.08,63.08,0.7161,1200
IEMPATHIZE,google/gemma-3-27b-it,Freudian Psychoanalysis,FDM,64.17,64.17,0.7311,120
IEMPATHIZE,google/gemma-3-27b-it,Freudian Psychoanalysis,MV,63.33,63.33,0.7127,120
IEMPATHIZE,google/gemma-3-27b-it,User Design Persona,EXPERT,66.57,66.57,0.7452,1080
IEMPATHIZE,google/gemma-3-27b-it,User Design Persona,FDM,65.83,65.83,0.7335,120
IEMPATHIZE,google/gemma-3-27b-it,User Design Persona,MV,69.17,69.17,0.7610,120
IEMPATHIZE,google/gemma-3-27b-it,User-Centered Design,EXPERT,65.61,65.61,0.7356,1320
IEMPATHIZE,google/gemma-3-27b-it,User-Centered Design,FDM,65.00,65.00,0.7268,120
IEMPATHIZE,google/gemma-3-27b-it,User-Centered Design,MV,68.33,68.33,0.7543,120
IEMPATHIZE,google/gemma-3-27b-it,baseline,BASELINE,74.17,74.17,0.8040,120
IEMPATHIZE,google/gemma-3-27b-it,no-description,EXPERT,66.50,66.50,0.7437,1200
IEMPATHIZE,google/gemma-3-27b-it,no-description,FDM,66.67,66.67,0.7458,120
IEMPATHIZE,google/gemma-3-27b-it,no-description,MV,69.17,69.17,0.7666,120
IEMPATHIZE,google/gemma-3-27b-it,no-personality,EXPERT,63.42,63.42,0.7199,1200
IEMPATHIZE,google/gemma-3-27b-it,no-personality,FDM,61.67,61.67,0.6973,120
IEMPATHIZE,google/gemma-3-27b-it,no-personality,MV,65.00,65.00,0.7323,120
IEMPATHIZE,meta-llama/llama-3.3-70b-instruct,Cognitive Load Theory,EXPERT,67.13,67.13,0.7675,1080
IEMPATHIZE,meta-llama/llama-3.3-70b-instruct,Cognitive Load Theory,FDM,66.67,66.67,0.7702,120
IEMPATHIZE,meta-llama/llama-3.3-70b-instruct,Cognitive Load Theory,MV,67.50,67.50,0.7775,120
IEMPATHIZE,meta-llama/llama-3.3-70b-instruct,Dual-Process Theory,EXPERT,66.50,66.50,0.7564,1200
IEMPATHIZE,meta-llama/llama-3.3-70b-instruct,Dual-Process Theory,FDM,65.83,65.83,0.7537,120
IEMPATHIZE,meta-llama/llama-3.3-70b-instruct,Dual-Process Theory,MV,66.67,66.67,0.7597,120
IEMPATHIZE,meta-llama/llama-3.3-70b-instruct,Flow Theory,EXPERT,66.67,66.67,0.7708,120
IEMPATHIZE,meta-llama/llama-3.3-70b-instruct,Flow Theory,FDM,67.50,67.50,0.7782,120
IEMPATHIZE,meta-llama/llama-3.3-70b-instruct,Flow Theory,MV,66.67,66.67,0.7708,120
IEMPATHIZE,meta-llama/llama-3.3-70b-instruct,Freudian Psychoanalysis,EXPERT,65.33,65.42,0.7503,1200
IEMPATHIZE,meta-llama/llama-3.3-70b-instruct,Freudian Psychoanalysis,FDM,66.67,66.67,0.7555,120
IEMPATHIZE,meta-llama/llama-3.3-70b-instruct,Freudian Psychoanalysis,MV,67.50,67.50,0.7665,120
IEMPATHIZE,meta-llama/llama-3.3-70b-instruct,User Design Persona,EXPERT,68.54,68.54,0.7748,960
IEMPATHIZE,meta-llama/llama-3.3-70b-instruct,User Design Persona,FDM,70.00,70.00,0.7879,120
IEMPATHIZE,meta-llama/llama-3.3-70b-instruct,User Design Persona,MV,69.17,69.17,0.7750,120
IEMPATHIZE,meta-llama/llama-3.3-70b-instruct,User-Centered Design,EXPERT,66.82,66.82,0.7615,1320
IEMPATHIZE,meta-llama/llama-3.3-70b-instruct,User-Centered Design,FDM,67.50,67.50,0.7609,120
IEMPATHIZE,meta-llama/llama-3.3-70b-instruct,User-Centered Design,MV,68.33,68.33,0.7676,120
IEMPATHIZE,meta-llama/llama-3.3-70b-instruct,baseline,BASELINE,70.83,70.83,0.7820,120
IEMPATHIZE,meta-llama/llama-3.3-70b-instruct,no-description,EXPERT,68.92,68.92,0.7801,1200
IEMPATHIZE,meta-llama/llama-3.3-70b-instruct,no-description,FDM,69.17,69.17,0.7812,120
IEMPATHIZE,meta-llama/llama-3.3-70b-instruct,no-description,MV,69.17,69.17,0.7812,120
IEMPATHIZE,meta-llama/llama-3.3-70b-instruct,no-personality,EXPERT,66.39,66.39,0.7600,1080
IEMPATHIZE,meta-llama/llama-3.3-70b-instruct,no-personality,FDM,66.67,66.67,0.7653,120
IEMPATHIZE,meta-llama/llama-3.3-70b-instruct,no-personality,MV,66.67,66.67,0.7695,120
IEMPATHIZE,meta-llama/llama-4-scout,Cognitive Load Theory,EXPERT,64.88,64.88,0.7452,840
IEMPATHIZE,meta-llama/llama-4-scout,Cognitive Load Theory,FDM,65.83,66.67,0.7548,120
IEMPATHIZE,meta-llama/llama-4-scout,Cognitive Load Theory,MV,65.83,65.83,0.7495,120
IEMPATHIZE,meta-llama/llama-4-scout,Dual-Process Theory,EXPERT,65.83,65.83,0.7510,720
IEMPATHIZE,meta-llama/llama-4-scout,Dual-Process Theory,FDM,66.67,66.67,0.7611,120
IEMPATHIZE,meta-llama/llama-4-scout,Dual-Process Theory,MV,65.83,65.83,0.7537,120
IEMPATHIZE,meta-llama/llama-4-scout,Flow Theory,EXPERT,64.44,64.44,0.7405,720
IEMPATHIZE,meta-llama/llama-4-scout,Flow Theory,FDM,65.83,65.83,0.7495,120
IEMPATHIZE,meta-llama/llama-4-scout,Flow Theory,MV,63.33,63.33,0.7280,120
IEMPATHIZE,meta-llama/llama-4-scout,Freudian Psychoanalysis,EXPERT,66.25,66.25,0.7622,720
IEMPATHIZE,meta-llama/llama-4-scout,Freudian Psychoanalysis,FDM,65.00,65.00,0.7489,120
IEMPATHIZE,meta-llama/llama-4-scout,Freudian Psychoanalysis,MV,66.67,66.67,0.7617,120
IEMPATHIZE,meta-llama/llama-4-scout,User Design Persona,EXPERT,64.69,64.69,0.7482,960
IEMPATHIZE,meta-llama/llama-4-scout,User Design Persona,FDM,65.83,65.83,0.7557,120
IEMPATHIZE,meta-llama/llama-4-scout,User Design Persona,MV,64.17,64.17,0.7416,120
IEMPATHIZE,meta-llama/llama-4-scout,User-Centered Design,EXPERT,65.24,65.24,0.7492,840
IEMPATHIZE,meta-llama/llama-4-scout,User-Centered Design,FDM,65.00,65.00,0.7501,120
IEMPATHIZE,meta-llama/llama-4-scout,User-Centered Design,MV,65.83,65.83,0.7481,120
IEMPATHIZE,meta-llama/llama-4-scout,baseline,BASELINE,47.50,49.17,0.6590,120
IEMPATHIZE,meta-llama/llama-4-scout,no-description,EXPERT,66.53,66.53,0.7562,720
IEMPATHIZE,meta-llama/llama-4-scout,no-description,FDM,67.50,67.50,0.7636,120
IEMPATHIZE,meta-llama/llama-4-scout,no-description,MV,66.67,66.67,0.7568,120
IEMPATHIZE,meta-llama/llama-4-scout,no-personality,EXPERT,64.51,64.51,0.7426,1440
IEMPATHIZE,meta-llama/llama-4-scout,no-personality,FDM,65.00,65.00,0.7483,120
IEMPATHIZE,meta-llama/llama-4-scout,no-personality,MV,63.33,63.33,0.7342,120
empatheticDialogues_classification,amazon/nova-micro-v1,Cognitive Load Theory,EXPERT,36.15,36.15,0.6368,2880
empatheticDialogues_classification,amazon/nova-micro-v1,Cognitive Load Theory,FDM,38.75,38.75,0.6490,320
empatheticDialogues_classification,amazon/nova-micro-v1,Cognitive Load Theory,MV,36.88,36.88,0.6406,320
empatheticDialogues_classification,amazon/nova-micro-v1,Dual-Process Theory,EXPERT,36.74,36.74,0.6383,2240
empatheticDialogues_classification,amazon/nova-micro-v1,Dual-Process Theory,FDM,37.50,37.50,0.6467,320
empatheticDialogues_classification,amazon/nova-micro-v1,Dual-Process Theory,MV,37.50,37.50,0.6458,320
empatheticDialogues_classification,amazon/nova-micro-v1,Flow Theory,EXPERT,34.91,34.91,0.6296,2240
empatheticDialogues_classification,amazon/nova-micro-v1,Flow Theory,FDM,35.62,35.62,0.6362,320
empatheticDialogues_classification,amazon/nova-micro-v1,Flow Theory,MV,35.94,35.94,0.6392,320
empatheticDialogues_classification,amazon/nova-micro-v1,Freudian Psychoanalysis,EXPERT,36.03,36.03,0.6378,3200
empatheticDialogues_classification,amazon/nova-micro-v1,Freudian Psychoanalysis,FDM,37.19,37.19,0.6477,320
empatheticDialogues_classification,amazon/nova-micro-v1,Freudian Psychoanalysis,MV,36.56,36.56,0.6451,320
empatheticDialogues_classification,amazon/nova-micro-v1,User Design Persona,EXPERT,35.76,35.76,0.6306,2240
empatheticDialogues_classification,amazon/nova-micro-v1,User Design Persona,FDM,38.12,38.12,0.6428,320
empatheticDialogues_classification,amazon/nova-micro-v1,User Design Persona,MV,38.12,38.12,0.6501,320
empatheticDialogues_classification,amazon/nova-micro-v1,User-Centered Design,EXPERT,35.31,35.35,0.6317,2560
empatheticDialogues_classification,amazon/nova-micro-v1,User-Centered Design,FDM,37.81,37.81,0.6456,320
empatheticDialogues_classification,amazon/nova-micro-v1,User-Centered Design,MV,37.81,37.81,0.6460,320
empatheticDialogues_classification,amazon/nova-micro-v1,baseline,BASELINE,0.00,0.00,0.3769,320
empatheticDialogues_classification,amazon/nova-micro-v1,no-description,EXPERT,38.96,38.96,0.6509,1920
empatheticDialogues_classification,amazon/nova-micro-v1,no-description,FDM,39.69,39.69,0.6578,320
empatheticDialogues_classification,amazon/nova-micro-v1,no-description,MV,41.56,41.56,0.6649,320
empatheticDialogues_classification,amazon/nova-micro-v1,no-personality,EXPERT,36.51,36.51,0.6338,1920
empatheticDialogues_classification,amazon/nova-micro-v1,no-personality,FDM,38.75,38.75,0.6455,320
empatheticDialogues_classification,amazon/nova-micro-v1,no-personality,MV,38.75,38.75,0.6456,320
empatheticDialogues_classification,google/gemma-3-12b-it,Cognitive Load Theory,EXPERT,43.06,43.06,0.6807,9920
empatheticDialogues_classification,google/gemma-3-12b-it,Cognitive Load Theory,FDM,46.88,46.88,0.7018,320
empatheticDialogues_classification,google/gemma-3-12b-it,Cognitive Load Theory,MV,45.00,45.00,0.6938,320
empatheticDialogues_classification,google/gemma-3-12b-it,Dual-Process Theory,EXPERT,42.29,42.31,0.6759,5760
empatheticDialogues_classification,google/gemma-3-12b-it,Dual-Process Theory,FDM,44.38,44.38,0.6897,320
empatheticDialogues_classification,google/gemma-3-12b-it,Dual-Process Theory,MV,42.81,42.81,0.6801,320
empatheticDialogues_classification,google/gemma-3-12b-it,Flow Theory,EXPERT,44.00,44.00,0.6878,6080
empatheticDialogues_classification,google/gemma-3-12b-it,Flow Theory,FDM,45.31,45.31,0.6949,320
empatheticDialogues_classification,google/gemma-3-12b-it,Flow Theory,MV,45.31,45.31,0.6982,320
empatheticDialogues_classification,google/gemma-3-12b-it,Freudian Psychoanalysis,EXPERT,41.75,41.76,0.6708,5440
empatheticDialogues_classification,google/gemma-3-12b-it,Freudian Psychoanalysis,FDM,44.06,44.06,0.6879,320
empatheticDialogues_classification,google/gemma-3-12b-it,Freudian Psychoanalysis,MV,43.75,43.75,0.6853,320
empatheticDialogues_classification,google/gemma-3-12b-it,User Design Persona,EXPERT,41.46,41.46,0.6678,5120
empatheticDialogues_classification,google/gemma-3-12b-it,User Design Persona,FDM,46.56,46.56,0.6976,320
empatheticDialogues_classification,google/gemma-3-12b-it,User Design Persona,MV,44.38,44.38,0.6880,320
empatheticDialogues_classification,google/gemma-3-12b-it,User-Centered Design,EXPERT,43.53,43.53,0.6840,3200
empatheticDialogues_classification,google/gemma-3-12b-it,User-Centered Design,FDM,43.44,43.44,0.6820,320
empatheticDialogues_classification,google/gemma-3-12b-it,User-Centered Design,MV,43.75,43.75,0.6857,320
empatheticDialogues_classification,google/gemma-3-12b-it,baseline,BASELINE,42.19,44.38,0.6748,320
empatheticDialogues_classification,google/gemma-3-12b-it,no-description,EXPERT,43.53,43.53,0.6850,3200
empatheticDialogues_classification,google/gemma-3-12b-it,no-description,FDM,44.38,44.38,0.6898,320
empatheticDialogues_classification,google/gemma-3-12b-it,no-description,MV,43.75,43.75,0.6878,320
empatheticDialogues_classification,google/gemma-3-12b-it,no-personality,EXPERT,42.79,42.79,0.6784,4800
empatheticDialogues_classification,google/gemma-3-12b-it,no-personality,FDM,45.62,45.62,0.6953,320
empatheticDialogues_classification,google/gemma-3-12b-it,no-personality,MV,44.69,44.69,0.6911,320
empatheticDialogues_classification,google/gemma-3-27b-it,Cognitive Load Theory,EXPERT,42.91,42.91,0.6752,3200
empatheticDialogues_classification,google/gemma-3-27b-it,Cognitive Load Theory,FDM,44.69,44.69,0.6884,320
empatheticDialogues_classification,google/gemma-3-27b-it,Cognitive Load Theory,MV,44.69,44.69,0.6912,320
empatheticDialogues_classification,google/gemma-3-27b-it,Dual-Process Theory,EXPERT,42.29,42.29,0.6693,4800
empatheticDialogues_classification,google/gemma-3-27b-it,Dual-Process Theory,FDM,44.06,44.06,0.6816,320
empatheticDialogues_classification,google/gemma-3-27b-it,Dual-Process Theory,MV,43.75,43.75,0.6792,320
empatheticDialogues_classification,google/gemma-3-27b-it,Flow Theory,EXPERT,43.58,43.58,0.6788,4800
empatheticDialogues_classification,google/gemma-3-27b-it,Flow Theory,FDM,46.88,46.88,0.6991,320
empatheticDialogues_classification,google/gemma-3-27b-it,Flow Theory,MV,46.25,46.25,0.6959,320
empatheticDialogues_classification,google/gemma-3-27b-it,Freudian Psychoanalysis,EXPERT,37.50,37.50,0.6391,5120
empatheticDialogues_classification,google/gemma-3-27b-it,Freudian Psychoanalysis,FDM,40.62,40.62,0.6583,320
empatheticDialogues_classification,google/gemma-3-27b-it,Freudian Psychoanalysis,MV,40.31,40.31,0.6590,320
empatheticDialogues_classification,google/gemma-3-27b-it,User Design Persona,EXPERT,41.31,41.31,0.6651,3200
empatheticDialogues_classification,google/gemma-3-27b-it,User Design Persona,FDM,44.38,44.38,0.6891,320
empatheticDialogues_classification,google/gemma-3-27b-it,User Design Persona,MV,44.69,44.69,0.6921,320
empatheticDialogues_classification,google/gemma-3-27b-it,User-Centered Design,EXPERT,42.45,42.45,0.6722,3840
empatheticDialogues_classification,google/gemma-3-27b-it,User-Centered Design,FDM,43.44,43.44,0.6776,320
empatheticDialogues_classification,google/gemma-3-27b-it,User-Centered Design,MV,42.81,42.81,0.6739,320
empatheticDialogues_classification,google/gemma-3-27b-it,baseline,BASELINE,20.62,21.56,0.5196,320
empatheticDialogues_classification,google/gemma-3-27b-it,no-description,EXPERT,44.00,44.00,0.6827,4800
empatheticDialogues_classification,google/gemma-3-27b-it,no-description,FDM,45.94,45.94,0.6950,320
empatheticDialogues_classification,google/gemma-3-27b-it,no-description,MV,45.94,45.94,0.6950,320
empatheticDialogues_classification,google/gemma-3-27b-it,no-personality,EXPERT,43.27,43.27,0.6771,4800
empatheticDialogues_classification,google/gemma-3-27b-it,no-personality,FDM,45.31,45.31,0.6924,320
empatheticDialogues_classification,google/gemma-3-27b-it,no-personality,MV,45.94,45.94,0.6930,320
empatheticDialogues_classification,meta-llama/llama-3.3-70b-instruct,Cognitive Load Theory,EXPERT,44.22,44.25,0.6909,3200
empatheticDialogues_classification,meta-llama/llama-3.3-70b-instruct,Cognitive Load Theory,FDM,44.38,44.38,0.6904,320
empatheticDialogues_classification,meta-llama/llama-3.3-70b-instruct,Cognitive Load Theory,MV,45.00,45.00,0.6967,320
empatheticDialogues_classification,meta-llama/llama-3.3-70b-instruct,Dual-Process Theory,EXPERT,44.81,44.81,0.6957,3200
empatheticDialogues_classification,meta-llama/llama-3.3-70b-instruct,Dual-Process Theory,FDM,45.00,45.00,0.6987,320
empatheticDialogues_classification,meta-llama/llama-3.3-70b-instruct,Dual-Process Theory,MV,45.94,45.94,0.7031,320
empatheticDialogues_classification,meta-llama/llama-3.3-70b-instruct,Flow Theory,EXPERT,43.88,43.88,0.6892,3200
empatheticDialogues_classification,meta-llama/llama-3.3-70b-instruct,Flow Theory,FDM,45.62,45.62,0.7007,320
empatheticDialogues_classification,meta-llama/llama-3.3-70b-instruct,Flow Theory,MV,44.06,44.06,0.6903,320
empatheticDialogues_classification,meta-llama/llama-3.3-70b-instruct,Freudian Psychoanalysis,EXPERT,44.22,44.22,0.6926,3200
empatheticDialogues_classification,meta-llama/llama-3.3-70b-instruct,Freudian Psychoanalysis,FDM,44.38,44.38,0.6942,320
empatheticDialogues_classification,meta-llama/llama-3.3-70b-instruct,Freudian Psychoanalysis,MV,45.00,45.00,0.6976,320
empatheticDialogues_classification,meta-llama/llama-3.3-70b-instruct,User Design Persona,EXPERT,44.66,44.66,0.6930,3520
empatheticDialogues_classification,meta-llama/llama-3.3-70b-instruct,User Design Persona,FDM,46.25,46.25,0.7024,320
empatheticDialogues_classification,meta-llama/llama-3.3-70b-instruct,User Design Persona,MV,45.62,45.62,0.6951,320
empatheticDialogues_classification,meta-llama/llama-3.3-70b-instruct,User-Centered Design,EXPERT,44.44,44.44,0.6915,2880
empatheticDialogues_classification,meta-llama/llama-3.3-70b-instruct,User-Centered Design,FDM,44.38,44.38,0.6906,320
empatheticDialogues_classification,meta-llama/llama-3.3-70b-instruct,User-Centered Design,MV,45.00,45.00,0.6939,320
empatheticDialogues_classification,meta-llama/llama-3.3-70b-instruct,baseline,BASELINE,0.00,0.00,0.3758,320
empatheticDialogues_classification,meta-llama/llama-3.3-70b-instruct,no-description,EXPERT,46.06,46.06,0.7019,3200
empatheticDialogues_classification,meta-llama/llama-3.3-70b-instruct,no-description,FDM,46.25,46.25,0.7042,320
empatheticDialogues_classification,meta-llama/llama-3.3-70b-instruct,no-description,MV,46.88,46.88,0.7080,320
empatheticDialogues_classification,meta-llama/llama-3.3-70b-instruct,no-personality,EXPERT,44.47,44.47,0.6936,3200
empatheticDialogues_classification,meta-llama/llama-3.3-70b-instruct,no-personality,FDM,45.00,45.00,0.6962,320
empatheticDialogues_classification,meta-llama/llama-3.3-70b-instruct,no-personality,MV,45.94,45.94,0.7029,320
empatheticDialogues_classification,meta-llama/llama-4-scout,Cognitive Load Theory,EXPERT,43.12,43.12,0.6782,2560
empatheticDialogues_classification,meta-llama/llama-4-scout,Cognitive Load Theory,FDM,45.94,45.94,0.6933,320
empatheticDialogues_classification,meta-llama/llama-4-scout,Cognitive Load Theory,MV,44.69,44.69,0.6893,320
empatheticDialogues_classification,meta-llama/llama-4-scout,Dual-Process Theory,EXPERT,43.12,43.12,0.6763,2240
empatheticDialogues_classification,meta-llama/llama-4-scout,Dual-Process Theory,FDM,45.62,45.62,0.6962,320
empatheticDialogues_classification,meta-llama/llama-4-scout,Dual-Process Theory,MV,43.44,43.44,0.6796,320
empatheticDialogues_classification,meta-llama/llama-4-scout,Flow Theory,EXPERT,42.31,42.31,0.6731,1600
empatheticDialogues_classification,meta-llama/llama-4-scout,Flow Theory,FDM,43.75,43.75,0.6832,320
empatheticDialogues_classification,meta-llama/llama-4-scout,Flow Theory,MV,43.12,43.12,0.6803,320
empatheticDialogues_classification,meta-llama/llama-4-scout,Freudian Psychoanalysis,EXPERT,42.77,42.81,0.6743,2560
empatheticDialogues_classification,meta-llama/llama-4-scout,Freudian Psychoanalysis,FDM,46.25,46.25,0.6979,320
empatheticDialogues_classification,meta-llama/llama-4-scout,Freudian Psychoanalysis,MV,45.31,45.31,0.6944,320
empatheticDialogues_classification,meta-llama/llama-4-scout,User Design Persona,EXPERT,42.47,42.50,0.6726,2880
empatheticDialogues_classification,meta-llama/llama-4-scout,User Design Persona,FDM,44.06,44.06,0.6837,320
empatheticDialogues_classification,meta-llama/llama-4-scout,User Design Persona,MV,43.12,43.12,0.6788,320
empatheticDialogues_classification,meta-llama/llama-4-scout,User-Centered Design,EXPERT,43.00,43.03,0.6766,3200
empatheticDialogues_classification,meta-llama/llama-4-scout,User-Centered Design,FDM,45.00,45.00,0.6885,320
empatheticDialogues_classification,meta-llama/llama-4-scout,User-Centered Design,MV,45.62,45.62,0.6957,320
empatheticDialogues_classification,meta-llama/llama-4-scout,baseline,BASELINE,0.00,0.00,0.3751,320
empatheticDialogues_classification,meta-llama/llama-4-scout,no-description,EXPERT,43.54,43.54,0.6800,1920
empatheticDialogues_classification,meta-llama/llama-4-scout,no-description,FDM,43.44,43.44,0.6820,320
empatheticDialogues_classification,meta-llama/llama-4-scout,no-description,MV,44.06,44.06,0.6856,320
empatheticDialogues_classification,meta-llama/llama-4-scout,no-personality,EXPERT,43.05,43.05,0.6766,2560
empatheticDialogues_classification,meta-llama/llama-4-scout,no-personality,FDM,44.38,44.38,0.6861,320
empatheticDialogues_classification,meta-llama/llama-4-scout,no-personality,MV,44.38,44.38,0.6873,320
hitom,amazon/nova-micro-v1,Cognitive Load Theory,EXPERT,40.00,40.00,0.7540,900
hitom,amazon/nova-micro-v1,Cognitive Load Theory,FDM,50.67,50.67,0.7828,150
hitom,amazon/nova-micro-v1,Cognitive Load Theory,MV,45.33,45.33,0.7684,150
hitom,amazon/nova-micro-v1,Dual-Process Theory,EXPERT,42.58,42.58,0.7608,1200
hitom,amazon/nova-micro-v1,Dual-Process Theory,FDM,52.67,52.67,0.8086,150
hitom,amazon/nova-micro-v1,Dual-Process Theory,MV,51.33,51.33,0.8030,150
hitom,amazon/nova-micro-v1,Flow Theory,EXPERT,39.67,39.67,0.7519,900
hitom,amazon/nova-micro-v1,Flow Theory,FDM,48.00,48.00,0.7904,150
hitom,amazon/nova-micro-v1,Flow Theory,MV,50.00,50.00,0.7983,150
hitom,amazon/nova-micro-v1,Freudian Psychoanalysis,EXPERT,41.43,41.43,0.7567,1050
hitom,amazon/nova-micro-v1,Freudian Psychoanalysis,FDM,48.00,48.00,0.7862,150
hitom,amazon/nova-micro-v1,Freudian Psychoanalysis,MV,48.67,48.67,0.7922,150
hitom,amazon/nova-micro-v1,User Design Persona,EXPERT,40.58,40.58,0.7509,1200
hitom,amazon/nova-micro-v1,User Design Persona,FDM,52.00,52.00,0.8005,150
hitom,amazon/nova-micro-v1,User Design Persona,MV,47.33,47.33,0.7656,150
hitom,amazon/nova-micro-v1,User-Centered Design,EXPERT,41.33,41.33,0.7498,900
hitom,amazon/nova-micro-v1,User-Centered Design,FDM,44.67,44.67,0.7654,150
hitom,amazon/nova-micro-v1,User-Centered Design,MV,46.00,46.00,0.7662,150
hitom,amazon/nova-micro-v1,baseline,BASELINE,0.00,0.00,0.2287,150
hitom,amazon/nova-micro-v1,no-description,EXPERT,38.86,38.86,0.7380,1050
hitom,amazon/nova-micro-v1,no-description,FDM,48.00,48.00,0.7689,150
hitom,amazon/nova-micro-v1,no-description,MV,45.33,45.33,0.7698,150
hitom,amazon/nova-micro-v1,no-personality,EXPERT,39.48,39.48,0.7482,1350
hitom,amazon/nova-micro-v1,no-personality,FDM,45.33,45.33,0.7680,150
hitom,amazon/nova-micro-v1,no-personality,MV,48.67,48.67,0.7867,150
hitom,google/gemma-3-12b-it,Cognitive Load Theory,EXPERT,53.38,53.38,0.7938,2100
hitom,google/gemma-3-12b-it,Cognitive Load Theory,FDM,56.00,56.00,0.8071,150
hitom,google/gemma-3-12b-it,Cognitive Load Theory,MV,57.33,57.33,0.8122,150
hitom,google/gemma-3-12b-it,Dual-Process Theory,EXPERT,55.22,55.22,0.8018,1800
hitom,google/gemma-3-12b-it,Dual-Process Theory,FDM,56.67,56.67,0.8068,150
hitom,google/gemma-3-12b-it,Dual-Process Theory,MV,60.00,60.00,0.8236,150
hitom,google/gemma-3-12b-it,Flow Theory,EXPERT,54.78,54.78,0.7978,2550
hitom,google/gemma-3-12b-it,Flow Theory,FDM,60.67,60.67,0.8177,150
hitom,google/gemma-3-12b-it,Flow Theory,MV,62.67,62.67,0.8348,150
hitom,google/gemma-3-12b-it,Freudian Psychoanalysis,EXPERT,53.73,53.73,0.7948,2250
hitom,google/gemma-3-12b-it,Freudian Psychoanalysis,FDM,59.33,59.33,0.8246,150
hitom,google/gemma-3-12b-it,Freudian Psychoanalysis,MV,60.00,60.00,0.8244,150
hitom,google/gemma-3-12b-it,User Design Persona,EXPERT,55.13,55.13,0.8015,1950
hitom,google/gemma-3-12b-it,User Design Persona,FDM,56.00,56.00,0.7900,150
hitom,google/gemma-3-12b-it,User Design Persona,MV,59.33,59.33,0.8235,150
hitom,google/gemma-3-12b-it,User-Centered Design,EXPERT,52.90,52.90,0.7907,2100
hitom,google/gemma-3-12b-it,User-Centered Design,FDM,54.67,54.67,0.7923,150
hitom,google/gemma-3-12b-it,User-Centered Design,MV,58.67,58.67,0.8143,150
hitom,google/gemma-3-12b-it,baseline,BASELINE,0.00,0.00,0.2374,150
hitom,google/gemma-3-12b-it,no-description,EXPERT,53.27,53.27,0.7904,1650
hitom,google/gemma-3-12b-it,no-description,FDM,56.67,56.67,0.8017,150
hitom,google/gemma-3-12b-it,no-description,MV,59.33,59.33,0.8140,150
hitom,google/gemma-3-12b-it,no-personality,EXPERT,53.29,53.29,0.7894,2100
hitom,google/gemma-3-12b-it,no-personality,FDM,58.67,58.67,0.8154,150
hitom,google/gemma-3-12b-it,no-personality,MV,59.33,59.33,0.8175,150
hitom,google/gemma-3-27b-it,Cognitive Load Theory,EXPERT,7.67,7.67,0.7323,1500
hitom,google/gemma-3-27b-it,Cognitive Load Theory,FDM,8.00,8.00,0.7521,150
hitom,google/gemma-3-27b-it,Cognitive Load Theory,MV,4.67,4.67,0.7565,150
hitom,google/gemma-3-27b-it,Dual-Process Theory,EXPERT,7.07,7.07,0.7339,3000
hitom,google/gemma-3-27b-it,Dual-Process Theory,FDM,4.67,4.67,0.7565,150
hitom,google/gemma-3-27b-it,Dual-Process Theory,MV,2.67,2.67,0.7387,150
hitom,google/gemma-3-27b-it,Flow Theory,EXPERT,9.03,9.03,0.7342,1950
hitom,google/gemma-3-27b-it,Flow Theory,FDM,8.00,8.00,0.7488,150
hitom,google/gemma-3-27b-it,Flow Theory,MV,8.67,8.67,0.7508,150
hitom,google/gemma-3-27b-it,Freudian Psychoanalysis,EXPERT,7.91,7.91,0.7343,2250
hitom,google/gemma-3-27b-it,Freudian Psychoanalysis,FDM,12.00,12.00,0.7434,150
hitom,google/gemma-3-27b-it,Freudian Psychoanalysis,MV,6.00,6.00,0.7360,150
hitom,google/gemma-3-27b-it,User Design Persona,EXPERT,8.43,8.43,0.7305,2100
hitom,google/gemma-3-27b-it,User Design Persona,FDM,9.33,9.33,0.7529,150
hitom,google/gemma-3-27b-it,User Design Persona,MV,4.67,4.67,0.7425,150
hitom,google/gemma-3-27b-it,User-Centered Design,EXPERT,7.52,7.52,0.7366,2100
hitom,google/gemma-3-27b-it,User-Centered Design,FDM,9.33,9.33,0.7488,150
hitom,google/gemma-3-27b-it,User-Centered Design,MV,4.67,4.67,0.7622,150
hitom,google/gemma-3-27b-it,baseline,BASELINE,0.00,0.00,0.2110,150
hitom,google/gemma-3-27b-it,no-description,EXPERT,7.33,7.33,0.7393,1500
hitom,google/gemma-3-27b-it,no-description,FDM,8.67,8.67,0.7594,150
hitom,google/gemma-3-27b-it,no-description,MV,3.33,3.33,0.7542,150
hitom,google/gemma-3-27b-it,no-personality,EXPERT,6.11,6.11,0.7319,900
hitom,google/gemma-3-27b-it,no-personality,FDM,6.00,6.00,0.7357,150
hitom,google/gemma-3-27b-it,no-personality,MV,4.00,4.00,0.7534,150
hitom,meta-llama/llama-3.3-70b-instruct,Cognitive Load Theory,EXPERT,66.33,66.33,0.8498,1500
hitom,meta-llama/llama-3.3-70b-instruct,Cognitive Load Theory,FDM,68.00,68.00,0.8577,150
hitom,meta-llama/llama-3.3-70b-instruct,Cognitive Load Theory,MV,68.00,68.00,0.8538,150
hitom,meta-llama/llama-3.3-70b-instruct,Dual-Process Theory,EXPERT,67.20,67.20,0.8535,1500
hitom,meta-llama/llama-3.3-70b-instruct,Dual-Process Theory,FDM,66.67,66.67,0.8429,150
hitom,meta-llama/llama-3.3-70b-instruct,Dual-Process Theory,MV,68.00,68.00,0.8554,150
hitom,meta-llama/llama-3.3-70b-instruct,Flow Theory,EXPERT,66.93,66.93,0.8515,1500
hitom,meta-llama/llama-3.3-70b-instruct,Flow Theory,FDM,65.33,65.33,0.8421,150
hitom,meta-llama/llama-3.3-70b-instruct,Flow Theory,MV,68.67,68.67,0.8587,150
hitom,meta-llama/llama-3.3-70b-instruct,Freudian Psychoanalysis,EXPERT,66.60,66.60,0.8519,1500
hitom,meta-llama/llama-3.3-70b-instruct,Freudian Psychoanalysis,FDM,65.33,65.33,0.8445,150
hitom,meta-llama/llama-3.3-70b-instruct,Freudian Psychoanalysis,MV,66.67,66.67,0.8488,150
hitom,meta-llama/llama-3.3-70b-instruct,User Design Persona,EXPERT,67.80,67.80,0.8565,1500
hitom,meta-llama/llama-3.3-70b-instruct,User Design Persona,FDM,70.00,70.00,0.8669,150
hitom,meta-llama/llama-3.3-70b-instruct,User Design Persona,MV,69.33,69.33,0.8625,150
hitom,meta-llama/llama-3.3-70b-instruct,User-Centered Design,EXPERT,66.87,66.87,0.8524,1500
hitom,meta-llama/llama-3.3-70b-instruct,User-Centered Design,FDM,68.00,68.00,0.8588,150
hitom,meta-llama/llama-3.3-70b-instruct,User-Centered Design,MV,70.00,70.00,0.8605,150
hitom,meta-llama/llama-3.3-70b-instruct,baseline,BASELINE,0.00,0.00,0.2572,150
hitom,meta-llama/llama-3.3-70b-instruct,no-description,EXPERT,67.47,67.47,0.8562,1500
hitom,meta-llama/llama-3.3-70b-instruct,no-description,FDM,66.67,66.67,0.8532,150
hitom,meta-llama/llama-3.3-70b-instruct,no-description,MV,68.67,68.67,0.8610,150
hitom,meta-llama/llama-3.3-70b-instruct,no-personality,EXPERT,66.81,66.81,0.8517,1350
hitom,meta-llama/llama-3.3-70b-instruct,no-personality,FDM,68.67,68.67,0.8592,150
hitom,meta-llama/llama-3.3-70b-instruct,no-personality,MV,68.00,68.00,0.8544,150
hitom,meta-llama/llama-4-scout,Cognitive Load Theory,EXPERT,20.07,20.07,0.7489,1350
hitom,meta-llama/llama-4-scout,Cognitive Load Theory,FDM,18.67,18.67,0.7428,150
hitom,meta-llama/llama-4-scout,Cognitive Load Theory,MV,20.67,20.67,0.7464,150
hitom,meta-llama/llama-4-scout,Dual-Process Theory,EXPERT,13.71,13.71,0.7418,1050
hitom,meta-llama/llama-4-scout,Dual-Process Theory,FDM,14.00,14.00,0.7277,150
hitom,meta-llama/llama-4-scout,Dual-Process Theory,MV,11.33,11.33,0.7437,150
hitom,meta-llama/llama-4-scout,Flow Theory,EXPERT,15.08,15.08,0.7438,1200
hitom,meta-llama/llama-4-scout,Flow Theory,FDM,11.33,11.33,0.7481,150
hitom,meta-llama/llama-4-scout,Flow Theory,MV,16.00,16.00,0.7606,150
hitom,meta-llama/llama-4-scout,Freudian Psychoanalysis,EXPERT,13.92,13.92,0.7374,1200
hitom,meta-llama/llama-4-scout,Freudian Psychoanalysis,FDM,17.33,17.33,0.7426,150
hitom,meta-llama/llama-4-scout,Freudian Psychoanalysis,MV,14.67,14.67,0.7363,150
hitom,meta-llama/llama-4-scout,User Design Persona,EXPERT,11.81,11.81,0.7358,1050
hitom,meta-llama/llama-4-scout,User Design Persona,FDM,8.00,8.00,0.7307,150
hitom,meta-llama/llama-4-scout,User Design Persona,MV,9.33,9.33,0.7425,150
hitom,meta-llama/llama-4-scout,User-Centered Design,EXPERT,19.08,19.08,0.7462,1200
hitom,meta-llama/llama-4-scout,User-Centered Design,FDM,19.33,19.33,0.7484,150
hitom,meta-llama/llama-4-scout,User-Centered Design,MV,21.33,21.33,0.7655,150
hitom,meta-llama/llama-4-scout,baseline,BASELINE,0.00,0.00,0.2506,150
hitom,meta-llama/llama-4-scout,no-description,EXPERT,24.57,24.57,0.7493,1050
hitom,meta-llama/llama-4-scout,no-description,FDM,30.67,30.67,0.7572,150
hitom,meta-llama/llama-4-scout,no-description,MV,22.67,22.67,0.7488,150
hitom,meta-llama/llama-4-scout,no-personality,EXPERT,14.73,14.73,0.7399,1500
hitom,meta-llama/llama-4-scout,no-personality,FDM,13.33,13.33,0.7558,150
hitom,meta-llama/llama-4-scout,no-personality,MV,12.67,12.67,0.7404,150
opentom,amazon/nova-micro-v1,Cognitive Load Theory,EXPERT,40.48,40.71,0.6964,420
opentom,amazon/nova-micro-v1,Cognitive Load Theory,FDM,43.81,43.81,0.7400,105
opentom,amazon/nova-micro-v1,Cognitive Load Theory,MV,42.86,42.86,0.7239,105
opentom,amazon/nova-micro-v1,Dual-Process Theory,EXPERT,41.19,42.38,0.7071,420
opentom,amazon/nova-micro-v1,Dual-Process Theory,FDM,44.76,45.71,0.7577,105
opentom,amazon/nova-micro-v1,Dual-Process Theory,MV,45.71,46.67,0.7315,105
opentom,amazon/nova-micro-v1,Flow Theory,EXPERT,45.14,46.10,0.7249,525
opentom,amazon/nova-micro-v1,Flow Theory,FDM,43.81,43.81,0.7292,105
opentom,amazon/nova-micro-v1,Flow Theory,MV,49.52,50.48,0.7342,105
opentom,amazon/nova-micro-v1,Freudian Psychoanalysis,EXPERT,45.56,47.78,0.7377,630
opentom,amazon/nova-micro-v1,Freudian Psychoanalysis,FDM,44.76,44.76,0.7554,105
opentom,amazon/nova-micro-v1,Freudian Psychoanalysis,MV,45.71,48.57,0.7450,105
opentom,amazon/nova-micro-v1,User Design Persona,EXPERT,39.76,40.48,0.6836,420
opentom,amazon/nova-micro-v1,User Design Persona,FDM,42.86,42.86,0.7237,105
opentom,amazon/nova-micro-v1,User Design Persona,MV,41.90,41.90,0.6962,105
opentom,amazon/nova-micro-v1,User-Centered Design,EXPERT,41.75,42.22,0.6994,630
opentom,amazon/nova-micro-v1,User-Centered Design,FDM,41.90,42.86,0.7537,105
opentom,amazon/nova-micro-v1,User-Centered Design,MV,41.90,41.90,0.7171,105
opentom,amazon/nova-micro-v1,baseline,BASELINE,0.00,0.00,0.2403,105
opentom,amazon/nova-micro-v1,no-description,EXPERT,39.86,40.27,0.6815,735
opentom,amazon/nova-micro-v1,no-description,FDM,44.76,44.76,0.7400,105
opentom,amazon/nova-micro-v1,no-description,MV,40.95,40.95,0.6965,105
opentom,amazon/nova-micro-v1,no-personality,EXPERT,41.63,42.31,0.6943,735
opentom,amazon/nova-micro-v1,no-personality,FDM,42.86,42.86,0.7280,105
opentom,amazon/nova-micro-v1,no-personality,MV,43.81,43.81,0.7115,105
opentom,google/gemma-3-12b-it,Cognitive Load Theory,EXPERT,48.10,49.71,0.7770,1050
opentom,google/gemma-3-12b-it,Cognitive Load Theory,FDM,46.67,46.67,0.7762,105
opentom,google/gemma-3-12b-it,Cognitive Load Theory,MV,47.62,49.52,0.7778,105
opentom,google/gemma-3-12b-it,Dual-Process Theory,EXPERT,46.28,47.32,0.7760,2310
opentom,google/gemma-3-12b-it,Dual-Process Theory,FDM,42.86,43.81,0.7648,105
opentom,google/gemma-3-12b-it,Dual-Process Theory,MV,44.76,44.76,0.7717,105
opentom,google/gemma-3-12b-it,Flow Theory,EXPERT,47.43,48.13,0.7700,1575
opentom,google/gemma-3-12b-it,Flow Theory,FDM,48.57,48.57,0.7754,105
opentom,google/gemma-3-12b-it,Flow Theory,MV,49.52,49.52,0.7742,105
opentom,google/gemma-3-12b-it,Freudian Psychoanalysis,EXPERT,45.71,46.38,0.7744,1050
opentom,google/gemma-3-12b-it,Freudian Psychoanalysis,FDM,44.76,44.76,0.7668,105
opentom,google/gemma-3-12b-it,Freudian Psychoanalysis,MV,44.76,45.71,0.7736,105
opentom,google/gemma-3-12b-it,User Design Persona,EXPERT,44.95,45.81,0.7819,1050
opentom,google/gemma-3-12b-it,User Design Persona,FDM,42.86,42.86,0.7609,105
opentom,google/gemma-3-12b-it,User Design Persona,MV,44.76,45.71,0.7835,105
opentom,google/gemma-3-12b-it,User-Centered Design,EXPERT,46.49,47.08,0.7795,1680
opentom,google/gemma-3-12b-it,User-Centered Design,FDM,42.86,42.86,0.7509,105
opentom,google/gemma-3-12b-it,User-Centered Design,MV,44.76,44.76,0.7657,105
opentom,google/gemma-3-12b-it,baseline,BASELINE,0.00,0.00,0.2620,105
opentom,google/gemma-3-12b-it,no-description,EXPERT,47.91,50.11,0.7843,1365
opentom,google/gemma-3-12b-it,no-description,FDM,46.67,49.52,0.7823,105
opentom,google/gemma-3-12b-it,no-description,MV,48.57,51.43,0.7767,105
opentom,google/gemma-3-12b-it,no-personality,EXPERT,44.38,46.10,0.7754,525
opentom,google/gemma-3-12b-it,no-personality,FDM,45.71,45.71,0.7686,105
opentom,google/gemma-3-12b-it,no-personality,MV,42.86,43.81,0.7564,105
opentom,google/gemma-3-27b-it,Cognitive Load Theory,EXPERT,53.25,56.19,0.8021,1260
opentom,google/gemma-3-27b-it,Cognitive Load Theory,FDM,52.38,56.19,0.8170,105
opentom,google/gemma-3-27b-it,Cognitive Load Theory,MV,54.29,56.19,0.7901,105
opentom,google/gemma-3-27b-it,Dual-Process Theory,EXPERT,51.90,54.38,0.7961,1050
opentom,google/gemma-3-27b-it,Dual-Process Theory,FDM,54.29,58.10,0.8227,105
opentom,google/gemma-3-27b-it,Dual-Process Theory,MV,56.19,59.05,0.8082,105
opentom,google/gemma-3-27b-it,Flow Theory,EXPERT,52.38,54.57,0.8001,1050
opentom,google/gemma-3-27b-it,Flow Theory,FDM,54.29,56.19,0.8138,105
opentom,google/gemma-3-27b-it,Flow Theory,MV,54.29,57.14,0.8014,105
opentom,google/gemma-3-27b-it,Freudian Psychoanalysis,EXPERT,52.10,54.48,0.7942,1050
opentom,google/gemma-3-27b-it,Freudian Psychoanalysis,FDM,52.38,57.14,0.8111,105
opentom,google/gemma-3-27b-it,Freudian Psychoanalysis,MV,54.29,57.14,0.7953,105
opentom,google/gemma-3-27b-it,User Design Persona,EXPERT,52.57,55.05,0.8140,1050
opentom,google/gemma-3-27b-it,User Design Persona,FDM,53.33,56.19,0.8297,105
opentom,google/gemma-3-27b-it,User Design Persona,MV,54.29,57.14,0.8103,105
opentom,google/gemma-3-27b-it,User-Centered Design,EXPERT,53.25,56.11,0.8126,1260
opentom,google/gemma-3-27b-it,User-Centered Design,FDM,54.29,59.05,0.8367,105
opentom,google/gemma-3-27b-it,User-Centered Design,MV,56.19,58.10,0.8159,105
opentom,google/gemma-3-27b-it,baseline,BASELINE,0.00,0.00,0.2184,105
opentom,google/gemma-3-27b-it,no-description,EXPERT,53.52,55.33,0.7956,1050
opentom,google/gemma-3-27b-it,no-description,FDM,51.43,56.19,0.8155,105
opentom,google/gemma-3-27b-it,no-description,MV,53.33,55.24,0.7909,105
opentom,google/gemma-3-27b-it,no-personality,EXPERT,53.02,55.32,0.7971,1260
opentom,google/gemma-3-27b-it,no-personality,FDM,54.29,58.10,0.8134,105
opentom,google/gemma-3-27b-it,no-personality,MV,53.33,55.24,0.7978,105
opentom,meta-llama/llama-3.3-70b-instruct,Cognitive Load Theory,EXPERT,53.43,55.81,0.8283,1050
opentom,meta-llama/llama-3.3-70b-instruct,Cognitive Load Theory,FDM,53.33,54.29,0.8192,105
opentom,meta-llama/llama-3.3-70b-instruct,Cognitive Load Theory,MV,54.29,56.19,0.8232,105
opentom,meta-llama/llama-3.3-70b-instruct,Dual-Process Theory,EXPERT,53.14,55.52,0.8282,1050
opentom,meta-llama/llama-3.3-70b-instruct,Dual-Process Theory,FDM,56.19,57.14,0.8362,105
opentom,meta-llama/llama-3.3-70b-instruct,Dual-Process Theory,MV,52.38,53.33,0.8183,105
opentom,meta-llama/llama-3.3-70b-instruct,Flow Theory,EXPERT,52.00,54.38,0.8254,1050
opentom,meta-llama/llama-3.3-70b-instruct,Flow Theory,FDM,53.33,55.24,0.8211,105
opentom,meta-llama/llama-3.3-70b-instruct,Flow Theory,MV,51.43,53.33,0.8229,105
opentom,meta-llama/llama-3.3-70b-instruct,Freudian Psychoanalysis,EXPERT,52.57,54.67,0.8241,1050
opentom,meta-llama/llama-3.3-70b-instruct,Freudian Psychoanalysis,FDM,52.38,56.19,0.8135,105
opentom,meta-llama/llama-3.3-70b-instruct,Freudian Psychoanalysis,MV,55.24,56.19,0.8203,105
opentom,meta-llama/llama-3.3-70b-instruct,User Design Persona,EXPERT,51.53,53.86,0.8241,945
opentom,meta-llama/llama-3.3-70b-instruct,User Design Persona,FDM,50.48,51.43,0.8110,105
opentom,meta-llama/llama-3.3-70b-instruct,User Design Persona,MV,51.43,53.33,0.8165,105
opentom,meta-llama/llama-3.3-70b-instruct,User-Centered Design,EXPERT,54.10,55.81,0.8284,1050
opentom,meta-llama/llama-3.3-70b-instruct,User-Centered Design,FDM,56.19,57.14,0.8254,105
opentom,meta-llama/llama-3.3-70b-instruct,User-Centered Design,MV,55.24,56.19,0.8234,105
opentom,meta-llama/llama-3.3-70b-instruct,baseline,BASELINE,0.00,0.00,0.2646,105
opentom,meta-llama/llama-3.3-70b-instruct,no-description,EXPERT,52.10,55.24,0.8281,1050
opentom,meta-llama/llama-3.3-70b-instruct,no-description,FDM,52.38,55.24,0.8342,105
opentom,meta-llama/llama-3.3-70b-instruct,no-description,MV,49.52,53.33,0.8222,105
opentom,meta-llama/llama-3.3-70b-instruct,no-personality,EXPERT,54.10,56.19,0.8303,1050
opentom,meta-llama/llama-3.3-70b-instruct,no-personality,FDM,55.24,57.14,0.8330,105
opentom,meta-llama/llama-3.3-70b-instruct,no-personality,MV,52.38,54.29,0.8151,105
opentom,meta-llama/llama-4-scout,Cognitive Load Theory,EXPERT,51.43,54.52,0.8130,840
opentom,meta-llama/llama-4-scout,Cognitive Load Theory,FDM,54.29,57.14,0.8137,105
opentom,meta-llama/llama-4-scout,Cognitive Load Theory,MV,52.38,56.19,0.8072,105
opentom,meta-llama/llama-4-scout,Dual-Process Theory,EXPERT,52.24,54.56,0.8168,735
opentom,meta-llama/llama-4-scout,Dual-Process Theory,FDM,52.38,55.24,0.8239,105
opentom,meta-llama/llama-4-scout,Dual-Process Theory,MV,53.33,55.24,0.8207,105
opentom,meta-llama/llama-4-scout,Flow Theory,EXPERT,50.10,52.57,0.8076,525
opentom,meta-llama/llama-4-scout,Flow Theory,FDM,48.57,52.38,0.8045,105
opentom,meta-llama/llama-4-scout,Flow Theory,MV,50.48,53.33,0.8077,105
opentom,meta-llama/llama-4-scout,Freudian Psychoanalysis,EXPERT,51.29,52.79,0.8056,735
opentom,meta-llama/llama-4-scout,Freudian Psychoanalysis,FDM,50.48,52.38,0.8088,105
opentom,meta-llama/llama-4-scout,Freudian Psychoanalysis,MV,53.33,55.24,0.8086,105
opentom,meta-llama/llama-4-scout,User Design Persona,EXPERT,52.17,55.03,0.8160,945
opentom,meta-llama/llama-4-scout,User Design Persona,FDM,54.29,56.19,0.8170,105
opentom,meta-llama/llama-4-scout,User Design Persona,MV,53.33,55.24,0.8100,105
opentom,meta-llama/llama-4-scout,User-Centered Design,EXPERT,52.65,55.24,0.8184,735
opentom,meta-llama/llama-4-scout,User-Centered Design,FDM,54.29,56.19,0.8172,105
opentom,meta-llama/llama-4-scout,User-Centered Design,MV,53.33,55.24,0.8145,105
opentom,meta-llama/llama-4-scout,baseline,BASELINE,0.00,0.00,0.2348,105
opentom,meta-llama/llama-4-scout,no-description,EXPERT,54.60,56.67,0.8271,630
opentom,meta-llama/llama-4-scout,no-description,FDM,58.10,60.00,0.8402,105
opentom,meta-llama/llama-4-scout,no-description,MV,57.14,59.05,0.8370,105
opentom,meta-llama/llama-4-scout,no-personality,EXPERT,50.38,53.14,0.8116,1050
opentom,meta-llama/llama-4-scout,no-personality,FDM,50.48,53.33,0.8104,105
opentom,meta-llama/llama-4-scout,no-personality,MV,50.48,53.33,0.8107,105
tomato,amazon/nova-micro-v1,Cognitive Load Theory,EXPERT,48.00,90.33,0.8148,600
tomato,amazon/nova-micro-v1,Cognitive Load Theory,FDM,49.33,94.00,0.8204,150
tomato,amazon/nova-micro-v1,Cognitive Load Theory,MV,49.33,93.33,0.8224,150
tomato,amazon/nova-micro-v1,Dual-Process Theory,EXPERT,48.67,89.33,0.8182,600
tomato,amazon/nova-micro-v1,Dual-Process Theory,FDM,50.67,96.00,0.8286,150
tomato,amazon/nova-micro-v1,Dual-Process Theory,MV,49.33,93.33,0.8234,150
tomato,amazon/nova-micro-v1,Flow Theory,EXPERT,49.17,90.17,0.8197,600
tomato,amazon/nova-micro-v1,Flow Theory,FDM,49.33,94.67,0.8240,150
tomato,amazon/nova-micro-v1,Flow Theory,MV,50.00,92.67,0.8238,150
tomato,amazon/nova-micro-v1,Freudian Psychoanalysis,EXPERT,49.00,90.50,0.8192,600
tomato,amazon/nova-micro-v1,Freudian Psychoanalysis,FDM,48.67,94.00,0.8223,150
tomato,amazon/nova-micro-v1,Freudian Psychoanalysis,MV,50.00,92.67,0.8287,150
tomato,amazon/nova-micro-v1,User Design Persona,EXPERT,47.07,89.47,0.8116,750
tomato,amazon/nova-micro-v1,User Design Persona,FDM,48.00,94.00,0.8198,150
tomato,amazon/nova-micro-v1,User Design Persona,MV,46.67,93.33,0.8155,150
tomato,amazon/nova-micro-v1,User-Centered Design,EXPERT,50.17,90.50,0.8242,600
tomato,amazon/nova-micro-v1,User-Centered Design,FDM,50.00,96.00,0.8267,150
tomato,amazon/nova-micro-v1,User-Centered Design,MV,49.33,94.67,0.8241,150
tomato,amazon/nova-micro-v1,baseline,BASELINE,0.67,1.33,0.4576,150
tomato,amazon/nova-micro-v1,no-description,EXPERT,49.33,93.83,0.8223,600
tomato,amazon/nova-micro-v1,no-description,FDM,50.00,95.33,0.8264,150
tomato,amazon/nova-micro-v1,no-description,MV,50.67,95.33,0.8277,150
tomato,amazon/nova-micro-v1,no-personality,EXPERT,47.47,91.47,0.8147,750
tomato,amazon/nova-micro-v1,no-personality,FDM,46.00,96.00,0.8120,150
tomato,amazon/nova-micro-v1,no-personality,MV,50.00,94.67,0.8252,150
tomato,google/gemma-3-12b-it,Cognitive Load Theory,EXPERT,65.67,95.93,0.8804,1500
tomato,google/gemma-3-12b-it,Cognitive Load Theory,FDM,64.67,96.00,0.8746,150
tomato,google/gemma-3-12b-it,Cognitive Load Theory,MV,66.00,96.67,0.8809,150
tomato,google/gemma-3-12b-it,Dual-Process Theory,EXPERT,63.64,95.90,0.8737,1950
tomato,google/gemma-3-12b-it,Dual-Process Theory,FDM,64.00,94.00,0.8735,150
tomato,google/gemma-3-12b-it,Dual-Process Theory,MV,65.33,96.00,0.8807,150
tomato,google/gemma-3-12b-it,Flow Theory,EXPERT,65.33,96.18,0.8807,2250
tomato,google/gemma-3-12b-it,Flow Theory,FDM,68.00,96.00,0.8922,150
tomato,google/gemma-3-12b-it,Flow Theory,MV,67.33,96.00,0.8893,150
tomato,google/gemma-3-12b-it,Freudian Psychoanalysis,EXPERT,62.80,96.04,0.8713,2250
tomato,google/gemma-3-12b-it,Freudian Psychoanalysis,FDM,66.00,96.67,0.8837,150
tomato,google/gemma-3-12b-it,Freudian Psychoanalysis,MV,63.33,96.00,0.8746,150
tomato,google/gemma-3-12b-it,User Design Persona,EXPERT,65.14,95.14,0.8750,2550
tomato,google/gemma-3-12b-it,User Design Persona,FDM,68.00,95.33,0.8852,150
tomato,google/gemma-3-12b-it,User Design Persona,MV,66.67,95.33,0.8876,150
tomato,google/gemma-3-12b-it,User-Centered Design,EXPERT,66.18,96.06,0.8795,1650
tomato,google/gemma-3-12b-it,User-Centered Design,FDM,67.33,96.67,0.8854,150
tomato,google/gemma-3-12b-it,User-Centered Design,MV,66.00,97.33,0.8775,150
tomato,google/gemma-3-12b-it,baseline,BASELINE,66.67,96.67,0.8830,150
tomato,google/gemma-3-12b-it,no-description,EXPERT,64.47,95.40,0.8719,1500
tomato,google/gemma-3-12b-it,no-description,FDM,68.00,95.33,0.8872,150
tomato,google/gemma-3-12b-it,no-description,MV,68.67,96.67,0.8913,150
tomato,google/gemma-3-12b-it,no-personality,EXPERT,64.00,96.53,0.8745,1500
tomato,google/gemma-3-12b-it,no-personality,FDM,67.33,96.67,0.8860,150
tomato,google/gemma-3-12b-it,no-personality,MV,64.67,96.67,0.8779,150
tomato,google/gemma-3-27b-it,Cognitive Load Theory,EXPERT,65.53,97.80,0.8797,1500
tomato,google/gemma-3-27b-it,Cognitive Load Theory,FDM,65.33,98.00,0.8794,150
tomato,google/gemma-3-27b-it,Cognitive Load Theory,MV,65.33,98.00,0.8794,150
tomato,google/gemma-3-27b-it,Dual-Process Theory,EXPERT,66.71,97.87,0.8850,2250
tomato,google/gemma-3-27b-it,Dual-Process Theory,FDM,67.33,98.67,0.8853,150
tomato,google/gemma-3-27b-it,Dual-Process Theory,MV,68.00,98.67,0.8890,150
tomato,google/gemma-3-27b-it,Flow Theory,EXPERT,67.44,97.72,0.8870,1800
tomato,google/gemma-3-27b-it,Flow Theory,FDM,68.67,98.00,0.8898,150
tomato,google/gemma-3-27b-it,Flow Theory,MV,67.33,97.33,0.8861,150
tomato,google/gemma-3-27b-it,Freudian Psychoanalysis,EXPERT,66.67,98.20,0.8842,1500
tomato,google/gemma-3-27b-it,Freudian Psychoanalysis,FDM,67.33,98.67,0.8857,150
tomato,google/gemma-3-27b-it,Freudian Psychoanalysis,MV,69.33,98.67,0.8966,150
tomato,google/gemma-3-27b-it,User Design Persona,EXPERT,68.40,98.27,0.8899,1500
tomato,google/gemma-3-27b-it,User Design Persona,FDM,67.33,98.67,0.8864,150
tomato,google/gemma-3-27b-it,User Design Persona,MV,68.67,98.67,0.8926,150
tomato,google/gemma-3-27b-it,User-Centered Design,EXPERT,68.28,98.00,0.8908,1800
tomato,google/gemma-3-27b-it,User-Centered Design,FDM,68.00,97.33,0.8912,150
tomato,google/gemma-3-27b-it,User-Centered Design,MV,68.00,98.00,0.8900,150
tomato,google/gemma-3-27b-it,baseline,BASELINE,20.00,24.67,0.5846,150
tomato,google/gemma-3-27b-it,no-description,EXPERT,67.73,98.13,0.8885,1500
tomato,google/gemma-3-27b-it,no-description,FDM,68.00,98.67,0.8896,150
tomato,google/gemma-3-27b-it,no-description,MV,67.33,98.00,0.8866,150
tomato,google/gemma-3-27b-it,no-personality,EXPERT,67.19,97.81,0.8865,2100
tomato,google/gemma-3-27b-it,no-personality,FDM,67.33,98.00,0.8841,150
tomato,google/gemma-3-27b-it,no-personality,MV,68.67,98.00,0.8902,150
tomato,meta-llama/llama-3.3-70b-instruct,Cognitive Load Theory,EXPERT,75.83,98.00,0.9183,1200
tomato,meta-llama/llama-3.3-70b-instruct,Cognitive Load Theory,FDM,75.33,98.67,0.9164,150
tomato,meta-llama/llama-3.3-70b-instruct,Cognitive Load Theory,MV,76.00,98.00,0.9179,150
tomato,meta-llama/llama-3.3-70b-instruct,Dual-Process Theory,EXPERT,75.08,98.08,0.9152,1200
tomato,meta-llama/llama-3.3-70b-instruct,Dual-Process Theory,FDM,74.00,98.00,0.9118,150
tomato,meta-llama/llama-3.3-70b-instruct,Dual-Process Theory,MV,76.00,98.00,0.9179,150
tomato,meta-llama/llama-3.3-70b-instruct,Flow Theory,EXPERT,76.25,98.33,0.9189,1200
tomato,meta-llama/llama-3.3-70b-instruct,Flow Theory,FDM,77.33,98.67,0.9220,150
tomato,meta-llama/llama-3.3-70b-instruct,Flow Theory,MV,78.67,98.67,0.9281,150
tomato,meta-llama/llama-3.3-70b-instruct,Freudian Psychoanalysis,EXPERT,74.47,98.13,0.9133,1500
tomato,meta-llama/llama-3.3-70b-instruct,Freudian Psychoanalysis,FDM,73.33,98.67,0.9094,150
tomato,meta-llama/llama-3.3-70b-instruct,Freudian Psychoanalysis,MV,75.33,98.67,0.9164,150
tomato,meta-llama/llama-3.3-70b-instruct,User Design Persona,EXPERT,75.33,98.17,0.9164,1200
tomato,meta-llama/llama-3.3-70b-instruct,User Design Persona,FDM,75.33,98.00,0.9160,150
tomato,meta-llama/llama-3.3-70b-instruct,User Design Persona,MV,75.33,98.00,0.9160,150
tomato,meta-llama/llama-3.3-70b-instruct,User-Centered Design,EXPERT,74.53,98.13,0.9131,1500
tomato,meta-llama/llama-3.3-70b-instruct,User-Centered Design,FDM,74.67,98.67,0.9120,150
tomato,meta-llama/llama-3.3-70b-instruct,User-Centered Design,MV,74.67,98.67,0.9120,150
tomato,meta-llama/llama-3.3-70b-instruct,baseline,BASELINE,76.00,96.67,0.9205,150
tomato,meta-llama/llama-3.3-70b-instruct,no-description,EXPERT,74.17,98.17,0.9125,1200
tomato,meta-llama/llama-3.3-70b-instruct,no-description,FDM,74.67,98.00,0.9150,150
tomato,meta-llama/llama-3.3-70b-instruct,no-description,MV,74.67,98.00,0.9133,150
tomato,meta-llama/llama-3.3-70b-instruct,no-personality,EXPERT,75.58,98.08,0.9167,1200
tomato,meta-llama/llama-3.3-70b-instruct,no-personality,FDM,72.67,98.00,0.9079,150
tomato,meta-llama/llama-3.3-70b-instruct,no-personality,MV,76.00,98.00,0.9177,150
tomato,meta-llama/llama-4-scout,Cognitive Load Theory,EXPERT,69.33,95.60,0.8749,750
tomato,meta-llama/llama-4-scout,Cognitive Load Theory,FDM,70.67,94.67,0.8834,150
tomato,meta-llama/llama-4-scout,Cognitive Load Theory,MV,72.67,98.67,0.9048,150
tomato,meta-llama/llama-4-scout,Dual-Process Theory,EXPERT,72.19,97.71,0.9029,1050
tomato,meta-llama/llama-4-scout,Dual-Process Theory,FDM,74.00,98.00,0.9106,150
tomato,meta-llama/llama-4-scout,Dual-Process Theory,MV,74.67,98.00,0.9127,150
tomato,meta-llama/llama-4-scout,Flow Theory,EXPERT,70.95,97.62,0.8978,1050
tomato,meta-llama/llama-4-scout,Flow Theory,FDM,72.00,98.00,0.9024,150
tomato,meta-llama/llama-4-scout,Flow Theory,MV,72.00,98.00,0.9012,150
tomato,meta-llama/llama-4-scout,Freudian Psychoanalysis,EXPERT,70.40,98.00,0.8971,750
tomato,meta-llama/llama-4-scout,Freudian Psychoanalysis,FDM,72.00,97.33,0.9028,150
tomato,meta-llama/llama-4-scout,Freudian Psychoanalysis,MV,72.67,98.00,0.9038,150
tomato,meta-llama/llama-4-scout,User Design Persona,EXPERT,70.78,98.11,0.8987,900
tomato,meta-llama/llama-4-scout,User Design Persona,FDM,68.00,98.00,0.8875,150
tomato,meta-llama/llama-4-scout,User Design Persona,MV,70.00,98.00,0.8953,150
tomato,meta-llama/llama-4-scout,User-Centered Design,EXPERT,70.44,97.44,0.8970,900
tomato,meta-llama/llama-4-scout,User-Centered Design,FDM,71.33,97.33,0.8985,150
tomato,meta-llama/llama-4-scout,User-Centered Design,MV,71.33,97.33,0.9011,150
tomato,meta-llama/llama-4-scout,baseline,BASELINE,16.67,18.00,0.5537,150
tomato,meta-llama/llama-4-scout,no-description,EXPERT,68.27,95.60,0.8699,750
tomato,meta-llama/llama-4-scout,no-description,FDM,70.67,95.33,0.8850,150
tomato,meta-llama/llama-4-scout,no-description,MV,72.00,99.33,0.9020,150
tomato,meta-llama/llama-4-scout,no-personality,EXPERT,67.56,94.37,0.8654,1350
tomato,meta-llama/llama-4-scout,no-personality,FDM,68.67,94.00,0.8766,150
tomato,meta-llama/llama-4-scout,no-personality,MV,70.67,98.00,0.8975,150
